{"L0": [26.380233764715943, 26.40323638922766, 26.37302398688391, 26.43619537360266, 26.39602661139563, 26.385383606024536, 26.413192749090943, 26.40151977545813, 26.388473510809693, 26.385726928778443, 26.41250610358313, 26.389160156317505, 26.429328918524536, 26.3998031616886, 26.420402526922974, 26.376113891669068, 26.409416198797974, 26.388473510809693, 26.415939331122193, 26.395683288641724, 26.40975952155188, 26.408386230536255, 26.413879394598755, 26.3998031616886, 26.398086547919068, 26.366500854559693, 26.392593383856568, 26.381607055731568, 26.40151977545813, 26.363754272528443, 26.421089172430786, 26.416625976630005, 26.446151733465943, 26.378860473700318, 26.420402526922974, 26.480827331610474, 26.642532348700318, 24.85794067389563, 21.587448120184693, 7.910156250067509, 9.958419799872196, 13.211402893133911, 16.65218353278235, 18.8631820679386, 19.691963195868286, 20.146865844794068, 24.123916626044068, 25.86868286139563, 26.071243286200318, 26.1251449585636, 26.190376281805786, 26.24942779547766, 26.203079223700318, 26.274490356512818, 26.240844726630005, 26.30916595465735, 26.303329467840943, 26.299552917547974, 26.3064193726261, 26.29337310797766, 26.368217468329224, 26.336288452215943, 26.382980346747193, 26.346931457587036, 26.201705932684693, 26.447868347235474, 26.547431945868286, 26.50863647467688, 26.593093872137818, 26.5536117554386, 26.550521850653443, 26.5755844116886, 26.54537200934485, 26.5426254273136, 26.528549194403443, 26.580390930243286, 26.523056030340943, 26.586227417059693, 26.546745300360474, 26.56185150153235, 26.536788940497193, 26.52957916266516, 26.546401977606568, 26.56253814704016, 26.5371322632511, 26.571464538641724, 26.516189575262818, 26.545715332098755, 26.56082153327063, 26.542968750067505, 26.54708862311438, 26.563224792547974, 26.53781890875891, 26.55429840094641, 26.548461914130005, 26.547431945868286, 26.553268432684693, 26.550178527899536, 26.54605865485266], "L1": [-13.554033637048224, -13.5471671819701, -13.570513129235724, -13.547510504724006, -13.564676642419318, -13.5911124944701, -13.54613721370838, -13.536524176599006, -13.567766547204474, -13.56261670589588, -13.5691398382201, -13.562960028649787, -13.561930060388068, -13.530344367028693, -13.563303351403693, -13.597292304040412, -13.606905341149787, -13.561586737634162, -13.56536328792713, -13.570169806481818, -13.5746330022826, -13.594202399255256, -13.5801261663451, -13.55987012386463, -13.6020988225951, -13.568453192712287, -13.579782843591193, -13.556436896325568, -13.57737958431385, -13.594545722009162, -13.57634961605213, -13.58184278011463, -13.57737958431385, -13.561243414880256, -13.589052557946662, -13.65977704525135, -28.664354765789128, -38.475145697595096, -45.24409711361072, -71.59583508968494, -66.17545545101306, -57.44819104671619, -44.61512982845447, -30.74592053890369, -18.331025764347533, -6.629212349654651, -1.2898555398001434, 0.030907094477200303, 0.18505901098110655, 0.3282245993600128, 0.3041920065865753, 0.38006633519985655, 0.31964153051235655, 0.3536304831490753, 0.3879627585397003, 0.3920826315865753, 0.42057842016079405, 0.2932056784615753, 0.30110210180141905, 0.30590862035610655, 0.40272563695766905, 0.33749431371548155, 0.32376140355923155, 0.31689494848110655, 0.2018818259225128, 0.31895488500454405, 0.5585941672311066, 0.3138050436959503, 0.3968891501412628, 0.38624614477016905, 0.3865894675240753, 0.37525981664516905, 0.3584370017037628, 0.3900226950631378, 0.40615886449673155, 0.38555949926235655, 0.4168018698678253, 0.37937968969204405, 0.3845295310006378, 0.35740703344204405, 0.41645854711391905, 0.33543437719204405, 0.3707966208443878, 0.36084026098110655, 0.38899272680141905, 0.3584370017037628, 0.3440174460397003, 0.3797230124459503, 0.40959209203579405, 0.4030689597115753, 0.3694233298287628, 0.37663310766079405, 0.4126819968209503, 0.38143962621548155, 0.3975757956490753, 0.36839336156704405, 0.3721699118600128, 0.3879627585397003, 0.3618702292428253], "R0": [-12.417297363344538, -12.429656982485163, -12.455406189028132, -12.421417236391413, -12.42347717291485, -12.421073913637507, -12.441673278871882, -12.419357299867976, -12.431373596254694, -12.426567077700007, -12.466735839907038, -12.44922637945782, -12.451286315981257, -12.426567077700007, -12.429656982485163, -12.469482421938288, -12.449913024965632, -12.458496093813288, -12.42725372320782, -12.458152771059382, -12.453002929750788, -12.440299987856257, -12.4097442627586, -12.455062866274226, -12.476005554262507, -12.455062866274226, -12.437896728578913, -12.45471954352032, -12.418327331606257, -12.450599670473444, -12.433090210024226, -12.45643615728985, -12.37403869635235, -12.401847839418757, -12.395324707094538, -12.376441955629694, -14.1181182861961, -24.305877685610163, -34.903907775942194, -47.74211883551251, -46.30840301520001, -44.139633178774226, -40.501441955629694, -36.78222656256329, -33.6298370361961, -31.17713928228985, -28.778686523500788, -26.917877197328913, -26.701927185121882, -26.616439819399226, -26.587257385317194, -26.55189514166485, -26.562538147035944, -26.534042358461726, -26.490783691469538, -26.523399353090632, -26.4447784424461, -26.48151397711407, -26.485290527407038, -26.490783691469538, -26.514816284242976, -26.476707458559382, -26.401176452700007, -26.46228790289532, -26.614723205629694, -26.340751648012507, -26.210632324282038, -26.239471435610163, -26.198959350649226, -26.252174377504694, -26.264190673891413, -26.240158081117976, -26.213722229067194, -26.286849975649226, -26.23432159430157, -26.262817382875788, -26.268653869692194, -26.248741149965632, -26.2305450440086, -26.265220642153132, -26.24530792242657, -26.265220642153132, -26.236381530825007, -26.249427795473444, -26.255607605043757, -26.241188049379694, -26.231231689516413, -26.259727478090632, -26.23706817633282, -26.226768493715632, -26.25080108648907, -26.265220642153132, -26.2305450440086, -26.2799835205711, -26.226768493715632, -26.227111816469538, -26.243934631410944, -26.235694885317194, -26.222991943422663],